year,month,avg_units_sold
2024,01,2.19354838709677
2024,02,2.6551724137931
2024,03,2.64516129032258
2024,04,2.16666666666667
2024,05,1.93548387096774
2024,06,2.03333333333333
2024,07,1.70967741935484
2024,08,1.92592592592593
